default,checking_balance,months_loan_duration,credit_history,purpose_furn,purpose_car,purpose_reno,purpose_edu,purpose_bus,amount,savings_balance,employment_duration,percent_of_income,years_at_residence,age,otherCreditBank,otherCreditStore,existing_loans_count,job,dependents
no,2,6,1,0,2,0,0,0,250,5,3,2,2,41,1,0,2,2,1
no,2,9,3,0,2,0,0,0,276,2,3,4,4,22,0,0,1,2,1
no,2,6,1,1,0,0,0,0,338,4,5,4,4,52,0,0,2,3,1
no,1,12,4,0,0,0,1,0,339,2,5,4,1,45,1,0,1,2,1
no,1,6,3,1,0,0,0,0,343,2,2,4,1,27,0,0,1,3,1
no,1,6,1,0,2,0,0,0,362,3,3,4,4,52,0,0,2,2,1
no,1,6,3,1,0,0,0,0,368,1,5,4,4,38,0,0,1,3,1
no,1,12,1,1,0,0,0,0,385,2,4,4,3,58,0,0,4,2,1
no,1,15,3,0,0,0,1,0,392,2,2,4,4,23,0,0,1,3,1
no,3,12,4,1,0,0,0,0,409,5,3,3,3,42,0,0,2,3,1
no,2,6,5,1,0,0,0,0,426,2,5,4,4,39,0,0,1,2,1
no,2,6,3,1,0,0,0,0,428,2,5,2,1,49,1,0,1,3,1
no,1,6,3,0,0,1,0,0,454,2,2,3,1,22,0,0,1,2,1
no,1,9,3,1,0,0,0,0,458,2,3,4,3,24,0,0,1,3,1
no,3,6,3,1,0,0,0,0,484,2,4,3,3,28,1,0,1,2,1
no,2,6,3,1,0,0,0,0,518,2,3,3,1,29,0,0,1,3,1
no,2,12,1,1,0,0,0,0,522,4,5,4,4,42,0,0,2,3,2
no,3,21,1,0,2,0,0,0,571,2,5,4,4,65,0,0,2,3,1
no,3,12,2,1,0,0,0,0,585,2,3,4,4,20,0,0,2,3,1
no,1,6,3,1,0,0,0,0,590,2,2,3,3,26,0,0,1,2,1
no,1,4,3,1,0,0,0,0,601,2,2,1,3,23,0,0,1,2,2
no,2,6,1,0,2,0,0,0,609,2,4,4,3,37,0,0,2,3,1
no,2,12,1,1,0,0,0,0,618,2,5,4,4,56,0,0,1,3,1
no,2,12,3,1,0,0,0,0,625,2,2,4,1,26,1,0,1,2,1
no,3,18,1,1,0,0,0,0,629,4,5,4,3,32,1,0,2,4,1
no,1,12,3,0,2,0,0,0,640,2,3,4,2,49,0,0,1,2,1
no,3,12,3,1,0,0,0,0,652,2,5,4,4,24,0,0,1,3,1
no,2,6,3,0,0,1,0,0,660,4,4,2,4,23,0,0,1,2,1
no,1,6,3,0,2,0,0,0,662,2,2,3,4,41,0,0,1,2,2
no,2,6,1,0,2,0,0,0,666,5,4,3,4,39,0,0,2,2,1
no,3,6,3,0,2,0,0,0,672,2,1,1,4,54,0,0,1,1,1
no,3,12,1,0,2,0,0,0,682,3,4,4,3,51,0,0,2,3,1
no,2,6,2,1,0,0,0,0,683,2,2,2,1,29,1,0,1,3,1
no,1,6,1,1,0,0,0,0,700,1,5,4,4,36,0,0,2,3,1
no,2,12,1,0,0,0,1,0,701,2,3,4,2,32,0,0,2,3,1
no,1,12,3,1,0,0,0,0,701,2,3,4,2,40,0,0,1,2,1
no,2,12,3,1,0,0,0,0,707,2,3,4,2,30,1,0,2,3,1
no,2,12,3,1,0,0,0,0,708,2,3,2,3,38,0,0,1,2,2
no,3,6,3,0,2,0,0,0,709,5,2,2,2,27,0,0,1,1,1
no,3,12,1,1,0,0,0,0,717,2,5,4,4,52,0,0,3,3,1
no,1,24,2,0,2,0,0,0,717,1,5,4,4,54,0,0,2,3,1
no,3,10,3,0,0,0,1,0,727,4,5,4,4,46,0,0,1,3,1
no,1,7,1,1,0,0,0,0,730,1,5,4,2,46,0,0,2,2,1
no,2,8,1,0,2,0,0,0,731,2,5,4,4,47,0,0,2,2,1
no,3,6,3,1,0,0,0,0,753,2,3,2,3,64,0,0,1,3,1
no,2,12,3,0,0,0,1,0,754,1,5,4,4,38,0,0,2,3,1
no,3,8,3,1,0,0,0,0,760,2,4,4,2,44,0,0,1,2,1
no,1,12,3,1,0,0,0,0,763,2,3,4,1,26,0,0,1,3,1
no,3,12,3,1,0,0,0,0,776,2,3,4,2,28,0,0,1,3,1
no,2,10,1,0,2,0,0,0,781,2,5,4,4,63,0,0,2,3,1
no,1,6,4,0,2,0,0,0,783,1,3,1,2,26,0,1,1,2,2
no,1,9,3,1,0,0,0,0,790,4,3,4,3,66,0,0,1,2,1
no,2,14,2,0,2,0,0,0,802,2,3,4,2,27,0,0,2,2,1
no,3,12,3,1,0,0,0,0,804,2,5,4,4,38,0,0,1,3,1
no,3,15,3,0,0,0,0,1,806,2,3,4,4,22,0,0,1,2,1
no,2,12,3,0,0,0,0,1,841,3,4,2,4,23,0,0,1,2,1
no,2,7,2,1,0,0,0,0,846,1,5,3,4,36,0,0,1,3,1
no,1,6,1,0,2,0,0,0,860,2,5,1,4,39,0,0,2,3,1
no,2,18,3,1,0,0,0,0,866,2,3,4,2,25,0,0,1,2,1
no,2,15,3,1,0,0,0,0,874,1,2,4,1,24,0,0,1,3,1
no,2,13,1,1,0,0,0,0,882,2,2,4,4,23,0,0,2,3,1
no,2,12,3,1,0,0,0,0,886,1,3,4,2,21,0,0,1,3,1
no,2,10,3,0,0,0,1,0,894,1,4,4,3,40,0,0,1,3,1
no,3,8,3,0,0,0,0,1,907,2,2,3,2,26,0,0,1,3,1
no,3,36,3,0,2,0,0,0,909,4,5,4,4,36,0,0,1,3,1
no,3,12,1,0,2,0,0,0,926,2,1,1,2,38,0,0,1,1,1
no,2,24,3,1,0,0,0,0,929,1,4,4,2,31,0,1,1,3,1
no,1,12,1,1,0,0,0,0,930,1,5,4,4,65,0,0,4,3,1
no,1,6,1,0,0,0,1,0,932,1,4,1,3,39,0,0,2,2,1
no,1,6,2,1,0,0,0,0,932,2,3,3,2,24,0,0,1,3,1
no,1,9,1,0,0,0,1,0,936,4,5,4,2,52,0,0,2,3,1
no,3,24,3,0,0,0,1,0,937,2,2,4,3,27,0,0,2,2,1
no,1,12,1,0,2,0,0,0,958,2,4,2,3,47,0,0,2,2,2
no,1,15,2,1,0,0,0,0,960,5,4,3,2,30,0,0,2,3,1
no,2,15,1,1,0,0,0,0,975,2,3,2,3,25,0,0,2,3,1
no,3,12,1,1,0,0,0,0,976,1,5,4,4,35,0,0,2,3,1
no,2,12,3,1,0,0,0,0,983,5,2,1,4,19,0,0,1,2,1
no,3,12,1,0,0,1,0,0,996,1,4,4,4,23,0,0,2,3,1
no,3,24,3,1,0,0,0,0,999,1,5,4,2,25,0,0,2,3,1
no,1,12,3,0,2,0,0,0,1007,5,3,4,1,22,0,0,1,3,1
no,1,18,1,0,2,0,0,0,1028,2,3,4,3,36,0,0,2,3,1
no,1,12,3,0,0,0,0,1,1037,3,4,3,4,39,0,0,1,2,1
no,3,10,1,0,2,0,0,0,1038,2,4,4,3,49,0,0,2,3,1
no,2,6,1,0,0,0,1,0,1047,2,3,2,4,50,0,0,1,2,1
no,1,10,4,1,0,0,0,0,1048,2,3,4,4,23,0,1,1,2,1
no,3,18,1,1,0,0,0,0,1049,2,2,4,4,21,0,0,1,3,1
no,1,6,2,1,0,0,0,0,1050,2,1,4,1,35,0,1,2,4,1
no,1,15,3,1,0,0,0,0,1053,2,2,4,2,27,0,0,1,3,1
no,3,18,1,0,2,0,0,0,1055,2,2,4,1,30,0,0,2,3,1
no,2,6,3,1,0,0,0,0,1068,2,5,4,4,28,0,0,1,3,2
no,2,12,3,0,0,0,0,1,1076,2,3,2,2,26,0,0,1,3,1
no,3,9,3,1,0,0,0,0,1082,2,5,4,4,27,0,0,2,2,1
no,2,12,3,1,0,0,0,0,1092,2,3,4,4,49,0,0,2,3,1
no,2,18,1,1,0,0,0,0,1098,2,1,4,4,65,0,0,2,1,1
no,2,12,3,0,2,0,0,0,1101,2,3,3,2,27,0,0,2,3,1
no,1,12,3,1,0,0,0,0,1103,2,4,4,3,29,0,0,2,3,1
no,1,12,3,1,0,0,0,0,1107,2,3,2,2,20,0,0,1,4,2
no,3,18,3,1,0,0,0,0,1113,2,3,4,4,26,0,0,1,2,2
no,3,9,3,1,0,0,0,0,1126,3,5,2,4,49,0,0,1,3,1
no,2,18,3,1,0,0,0,0,1126,1,2,4,2,21,0,0,1,3,1
no,2,9,1,1,0,0,0,0,1138,2,3,4,4,25,0,0,2,2,1
no,1,18,1,1,0,0,0,0,1149,5,3,4,3,46,0,0,2,3,1
no,3,9,1,1,0,0,0,0,1154,2,5,2,4,37,0,0,3,2,1
no,1,11,1,1,0,0,0,0,1154,3,1,4,4,57,0,0,3,2,1
no,3,12,3,1,0,0,0,0,1155,2,5,3,3,40,1,0,2,2,1
no,3,12,3,1,0,0,0,0,1158,4,3,3,1,26,0,0,1,3,1
no,3,12,1,0,2,0,0,0,1163,4,3,4,4,44,0,0,1,3,1
no,2,8,1,0,1,0,0,0,1164,2,5,3,4,51,1,0,2,4,2
no,2,12,3,0,2,0,0,0,1168,2,3,4,3,27,0,0,1,2,1
no,3,6,1,1,0,0,0,0,1169,1,5,4,4,67,0,0,2,3,1
no,2,18,1,1,0,0,0,0,1169,1,3,4,3,29,0,0,2,3,1
no,3,16,1,0,2,0,0,0,1175,2,1,2,3,68,0,0,3,1,1
no,3,12,1,0,0,0,0,1,1185,2,3,3,2,27,0,0,2,3,1
no,1,9,3,0,0,0,1,0,1199,2,4,4,4,67,0,0,2,4,1
no,1,12,3,0,0,0,1,0,1200,1,3,4,4,23,1,0,1,3,1
no,2,24,3,0,2,0,0,0,1201,2,2,4,1,26,0,0,1,3,1
no,2,6,3,0,2,0,0,0,1203,3,5,3,2,43,0,0,1,3,1
no,1,6,5,0,2,0,0,0,1204,3,3,4,1,35,1,0,1,3,1
no,3,9,3,1,0,0,0,0,1206,2,5,4,4,25,0,0,1,3,1
no,2,15,3,1,0,0,0,0,1213,4,5,4,3,47,0,1,1,3,1
no,3,6,1,1,0,0,0,0,1221,1,3,1,2,27,0,0,2,3,1
no,2,9,1,0,2,0,0,0,1224,2,3,3,1,30,0,0,2,3,1
no,2,10,3,1,0,0,0,0,1225,2,3,2,2,37,0,0,1,3,1
no,2,24,1,1,0,0,0,0,1231,5,5,4,4,57,0,0,2,4,1
no,3,10,1,0,2,0,0,0,1231,2,5,3,4,32,0,0,2,2,2
no,2,9,3,1,0,0,0,0,1236,2,2,1,4,23,0,0,1,3,1
no,2,6,3,0,2,0,0,0,1236,4,3,2,4,50,0,0,1,3,1
no,1,6,1,1,0,0,0,0,1237,3,3,1,1,27,0,0,2,3,1
no,3,6,3,0,0,0,1,0,1238,1,1,4,4,36,0,0,1,4,2
no,1,18,3,0,0,0,1,0,1239,1,3,4,4,61,0,0,1,3,1
no,3,12,1,1,0,0,0,0,1240,1,5,4,2,38,0,0,2,3,1
no,1,9,1,0,0,0,1,0,1244,1,5,4,4,41,0,0,2,2,1
no,2,24,3,0,2,0,0,0,1249,2,2,4,2,28,0,0,1,3,1
no,1,12,1,0,2,0,0,0,1255,2,5,4,4,61,0,0,2,2,1
no,2,12,1,1,0,0,0,0,1258,2,2,2,4,22,0,0,2,2,1
no,2,24,3,1,0,0,0,0,1258,4,3,3,3,57,0,0,1,2,1
no,2,24,3,0,0,0,0,1,1258,2,4,4,1,25,0,0,1,3,1
no,1,12,3,1,0,0,0,0,1262,1,5,2,4,49,0,0,1,2,1
no,2,12,3,1,0,0,0,0,1262,2,3,3,2,25,0,0,1,3,1
no,3,15,3,1,0,0,0,0,1262,4,4,4,3,36,0,0,2,3,1
no,3,12,1,0,0,0,0,1,1264,1,5,4,4,57,0,0,1,2,1
no,3,24,1,0,0,0,0,1,1275,5,3,2,4,36,0,0,2,3,1
no,2,10,3,1,0,0,0,0,1275,2,2,4,2,23,0,0,1,3,1
no,2,24,3,1,0,0,0,0,1278,2,5,4,1,36,0,0,1,4,1
no,1,22,3,0,2,0,0,0,1283,1,4,4,4,25,0,0,1,3,1
no,3,24,1,0,2,0,0,0,1287,5,5,4,4,37,0,0,2,3,1
no,2,10,3,0,2,0,0,0,1287,1,5,4,2,45,0,0,1,2,1
no,2,9,1,0,0,1,0,0,1288,3,5,3,4,48,0,0,2,3,2
no,2,12,3,1,0,0,0,0,1289,2,3,4,1,21,0,0,1,2,1
no,1,12,1,1,0,0,0,0,1291,2,3,4,2,35,0,0,2,3,1
no,2,18,1,1,0,0,0,0,1295,2,2,4,1,27,0,0,2,3,1
no,2,12,3,1,0,0,0,0,1297,2,3,3,4,23,0,0,1,3,1
no,3,6,1,0,2,0,0,0,1299,2,3,1,1,74,0,0,3,1,2
no,3,15,3,0,2,0,0,0,1300,1,5,4,4,45,1,0,1,3,2
no,2,18,3,1,0,0,0,0,1301,2,5,4,2,32,0,0,1,2,1
no,3,15,3,0,0,1,0,0,1308,2,5,4,4,38,0,0,2,2,1
no,2,24,3,1,0,0,0,0,1311,3,4,4,3,26,0,0,1,3,1
no,2,9,3,1,0,0,0,0,1313,2,5,1,4,20,0,0,1,3,1
no,3,15,1,1,0,0,0,0,1316,4,3,2,2,47,0,0,2,2,1
no,1,12,3,0,2,0,0,0,1318,5,5,4,4,54,0,0,1,3,1
no,1,11,1,0,2,0,0,0,1322,5,3,4,4,40,0,0,2,3,1
no,3,6,1,0,2,0,0,0,1323,3,5,2,4,28,0,0,2,3,2
no,2,12,3,0,2,0,0,0,1330,2,2,4,1,26,0,0,1,3,1
no,1,6,3,1,0,0,0,0,1338,4,3,1,4,62,0,0,1,3,1
no,1,6,1,0,2,0,0,0,1343,2,5,1,4,46,0,0,2,3,2
no,1,12,2,0,2,0,0,0,1344,2,3,4,2,43,0,0,2,2,2
no,1,6,3,1,0,0,0,0,1346,3,5,2,4,42,1,0,1,3,2
no,2,10,1,1,0,0,0,0,1347,1,4,4,2,27,0,0,2,3,1
no,3,6,3,0,2,0,0,0,1352,4,1,1,2,23,0,0,1,1,1
no,1,15,1,1,0,0,0,0,1360,2,3,4,2,31,0,0,2,3,1
no,1,6,1,0,2,0,0,0,1361,2,2,2,4,40,0,0,1,2,2
no,3,9,3,1,0,0,0,0,1364,2,4,3,4,59,0,0,1,3,1
no,1,10,3,0,2,0,0,0,1364,2,3,2,4,64,0,0,1,3,1
no,2,6,3,1,0,0,0,0,1374,2,3,1,2,36,1,0,1,2,1
no,1,6,3,0,2,0,0,0,1374,1,1,4,3,75,0,0,1,4,1
no,3,24,3,1,0,0,0,0,1376,4,4,4,1,28,0,0,1,3,1
no,1,24,3,1,0,0,0,0,1377,3,5,4,2,47,0,0,1,3,1
no,2,24,1,0,0,0,0,1,1382,3,4,4,1,26,0,0,2,3,1
no,2,6,1,1,0,0,0,0,1382,2,3,1,1,28,0,0,2,3,1
no,1,15,3,1,0,0,0,0,1386,1,3,4,2,40,0,0,1,3,1
no,2,9,3,1,0,0,0,0,1388,2,3,4,2,26,0,0,1,3,1
no,3,9,3,0,0,0,0,1,1391,2,3,2,1,27,1,0,1,3,1
no,3,11,1,0,2,0,0,0,1393,2,2,4,4,35,0,0,2,4,1
no,1,12,3,0,0,0,1,0,1393,2,5,4,4,47,1,0,3,3,2
no,2,24,3,0,2,0,0,0,1393,2,3,2,2,31,0,0,1,3,1
no,1,12,1,1,0,0,0,0,1402,4,4,3,4,37,0,0,1,3,1
no,1,15,3,0,2,0,0,0,1403,2,3,2,4,28,0,0,1,3,1
no,1,12,1,0,2,0,0,0,1409,2,5,4,3,54,0,0,1,3,1
no,3,13,3,1,0,0,0,0,1409,3,1,2,4,64,0,0,1,3,1
no,3,14,3,0,0,0,0,1,1410,4,5,1,2,35,0,0,1,3,1
no,3,12,5,0,0,0,1,0,1410,2,3,2,2,31,0,0,1,2,1
no,1,12,1,0,0,0,0,1,1412,2,3,4,2,29,0,0,2,4,1
no,3,12,3,0,2,0,0,0,1413,5,4,3,2,55,0,0,1,3,1
no,3,24,3,1,0,0,0,0,1413,2,3,4,2,28,0,0,1,3,1
no,1,8,3,1,0,0,0,0,1414,2,3,4,2,33,0,0,1,3,1
no,2,10,3,0,2,0,0,0,1418,3,3,3,2,35,0,0,1,2,1
no,2,12,1,1,0,0,0,0,1424,2,4,4,3,26,0,0,1,3,1
no,2,12,3,1,0,0,0,0,1424,1,5,3,4,55,0,0,1,4,1
no,2,15,1,1,0,0,0,0,1433,2,3,4,3,25,0,0,2,3,1
no,2,15,3,1,0,0,0,0,1444,1,2,4,1,23,0,0,1,3,1
no,2,18,4,1,0,0,0,0,1445,1,4,4,4,49,1,0,1,2,1
no,3,9,3,0,0,0,0,1,1449,2,4,3,2,27,0,0,2,3,1
no,2,6,2,0,0,0,0,1,1449,3,5,1,2,31,1,0,2,3,2
no,1,18,3,1,0,0,0,0,1453,2,2,3,1,26,0,0,1,3,1
no,1,4,1,0,2,0,0,0,1455,2,4,2,1,42,0,0,3,2,2
no,2,15,1,1,0,0,0,0,1459,2,3,4,2,43,0,0,1,2,1
no,2,24,3,0,2,0,0,0,1469,3,5,4,4,41,0,0,1,2,1
no,3,15,1,1,0,0,0,0,1471,2,3,4,4,35,0,0,2,3,1
no,1,18,3,1,0,0,0,0,1473,2,2,3,4,39,0,0,1,3,1
no,1,12,3,1,0,0,0,0,1474,2,2,4,1,33,1,0,1,4,1
no,3,24,3,0,2,0,0,0,1474,3,2,4,3,33,0,0,1,3,1
no,3,15,1,1,0,0,0,0,1478,2,5,4,4,44,0,0,2,3,2
no,1,15,2,1,0,0,0,0,1478,2,3,4,3,33,1,0,2,3,1
no,2,12,1,0,2,0,0,0,1480,4,1,2,4,66,1,0,3,1,1
no,1,12,3,1,0,0,0,0,1493,2,2,4,3,34,0,0,1,3,2
no,1,4,3,0,2,0,0,0,1494,1,2,1,2,29,0,0,1,2,2
no,1,12,1,0,2,0,0,0,1495,2,5,4,1,38,0,0,2,2,2
no,3,12,3,1,0,0,0,0,1498,2,3,4,1,23,1,0,1,3,1
no,2,4,1,1,0,0,0,0,1503,2,4,2,1,42,0,0,2,2,2
no,1,12,2,0,2,0,0,0,1503,2,3,4,4,41,0,0,1,3,1
no,2,18,3,1,0,0,0,0,1505,2,3,4,2,32,0,0,1,4,1
no,2,15,3,0,0,1,0,0,1514,3,3,4,2,22,0,0,1,3,1
no,1,24,1,1,0,0,0,0,1516,5,3,4,1,43,0,0,2,2,1
no,3,15,1,1,0,0,0,0,1520,1,5,4,4,63,0,0,1,3,1
no,2,10,3,1,0,0,0,0,1521,2,3,4,2,31,0,0,1,2,1
no,2,24,3,0,2,0,0,0,1525,5,4,4,3,34,0,0,1,3,2
no,1,12,1,0,2,0,0,0,1526,2,5,4,4,66,0,0,2,4,1
no,2,15,1,0,0,0,1,0,1532,3,3,4,3,31,0,0,1,3,1
no,1,24,3,1,0,0,0,0,1533,2,2,4,3,38,0,1,1,3,1
no,2,15,1,1,0,0,0,0,1537,1,5,4,4,50,0,0,2,3,1
no,1,6,3,0,0,0,1,0,1538,2,2,1,2,56,0,0,1,3,1
no,1,12,3,0,0,0,0,1,1542,2,4,2,4,36,0,0,1,3,1
no,3,6,3,1,0,0,0,0,1543,5,3,4,2,33,0,0,1,3,1
no,1,4,1,1,0,0,0,0,1544,2,4,2,1,42,0,0,3,2,2
no,1,10,3,0,2,0,0,0,1546,2,3,3,2,31,0,0,1,2,2
no,1,9,3,0,2,0,0,0,1549,1,2,4,2,35,0,0,1,1,1
no,1,24,3,1,0,0,0,0,1552,2,4,3,1,32,1,0,1,3,2
no,3,24,2,1,0,0,0,0,1553,3,4,3,2,23,0,0,2,3,1
no,1,6,1,1,0,0,0,0,1554,2,4,1,2,24,0,0,2,3,1
no,2,24,4,0,0,0,0,1,1559,2,4,4,4,50,1,0,1,3,1
no,3,12,3,1,0,0,0,0,1567,2,3,1,1,22,0,0,1,3,1
no,2,18,3,0,0,0,0,1,1568,3,3,3,4,24,0,0,1,2,1
no,2,15,4,1,0,0,0,0,1569,3,5,4,4,34,1,0,1,2,2
no,1,21,3,0,0,0,0,1,1572,5,5,4,4,36,1,0,1,2,1
no,2,12,3,1,0,0,0,0,1574,2,3,4,2,50,0,0,1,3,1
no,3,11,3,1,0,0,0,0,1577,5,2,4,1,20,0,0,1,3,1
no,3,18,1,1,0,0,0,0,1582,5,5,4,4,46,0,0,2,3,1
no,2,24,1,1,0,0,0,0,1585,2,4,4,3,40,0,0,2,3,1
no,1,21,2,1,0,0,0,0,1591,3,4,4,3,34,0,0,2,4,1
no,1,12,1,1,0,0,0,0,1592,5,4,3,2,35,0,0,1,3,1
no,3,6,3,1,0,0,0,0,1595,2,4,3,2,51,0,0,1,3,2
no,2,24,1,0,0,0,1,0,1597,2,5,4,4,54,0,0,2,3,2
no,1,10,3,0,2,0,0,0,1597,4,3,3,2,40,0,0,1,2,2
no,2,21,1,0,2,0,0,0,1602,2,5,4,3,30,0,0,2,3,1
no,1,24,3,1,0,0,0,0,1603,2,5,4,4,55,0,0,1,3,1
no,1,12,3,1,0,0,0,0,1620,2,3,2,3,30,0,0,1,3,1
no,2,12,1,1,0,0,0,0,1655,2,5,2,4,63,0,0,2,2,1
no,1,12,3,1,0,0,0,0,1657,2,3,2,2,27,0,0,1,3,1
no,2,12,3,1,0,0,0,0,1680,4,5,3,1,35,0,0,1,3,1
no,3,30,3,1,0,0,0,0,1715,1,3,4,1,26,0,0,1,3,1
no,2,15,3,0,2,0,0,0,1721,2,2,2,3,36,0,0,1,3,1
no,1,12,3,1,0,0,0,0,1736,2,4,3,4,31,0,0,1,2,1
no,1,6,1,1,0,0,0,0,1740,2,5,2,2,30,0,0,2,3,1
no,2,24,1,1,0,0,0,0,1743,2,5,4,2,48,0,0,2,2,1
no,3,6,2,0,0,0,0,1,1743,3,3,1,2,34,0,0,2,2,1
no,3,24,3,1,0,0,0,0,1747,2,2,4,1,24,0,0,1,2,1
no,1,6,4,1,0,0,0,0,1750,4,5,2,4,45,1,0,1,2,2
no,2,24,3,0,1,0,0,0,1755,2,5,4,4,58,0,0,1,2,1
no,2,6,3,1,0,0,0,0,1766,2,3,1,2,21,0,0,1,3,1
no,2,12,3,1,0,0,0,0,1768,2,3,3,2,24,0,0,1,2,1
no,3,18,1,1,0,0,0,0,1795,2,5,3,4,48,1,0,2,2,1
no,3,13,1,0,0,0,0,1,1797,2,2,3,1,28,1,0,2,2,1
no,1,18,1,1,0,0,0,0,1800,2,3,4,2,24,0,0,2,3,1
no,1,12,1,0,2,0,0,0,1804,3,2,3,4,44,0,0,1,3,1
no,3,18,1,1,0,0,0,0,1817,2,3,4,2,28,0,0,2,3,1
no,1,18,3,0,2,0,0,0,1820,2,3,2,2,30,0,0,1,4,1
no,2,15,1,1,0,0,0,0,1829,2,5,4,4,46,0,0,2,3,1
no,3,15,3,1,0,0,0,0,1845,2,2,4,1,46,0,0,1,3,1
no,1,24,1,1,0,0,0,0,1851,2,4,4,2,33,0,0,2,3,1
no,2,12,3,1,0,0,0,0,1858,2,2,4,1,22,0,0,1,3,1
no,2,12,1,0,2,0,0,0,1860,2,1,4,2,34,0,0,2,4,1
no,1,30,3,1,0,0,0,0,1867,1,5,4,4,58,0,0,1,3,1
no,1,6,1,1,0,0,0,0,1872,2,1,4,4,36,0,0,3,4,1
no,1,18,1,1,0,0,0,0,1880,2,4,4,1,32,0,0,2,4,1
no,1,12,3,1,0,0,0,0,1881,2,3,2,2,44,0,0,1,2,1
no,2,12,3,0,2,0,0,0,1884,2,5,4,4,39,0,0,1,4,1
no,1,18,1,0,0,0,0,1,1887,1,3,4,4,28,1,0,2,3,1
no,1,12,3,0,2,0,0,0,1893,2,3,4,4,29,0,0,1,3,1
no,1,6,1,1,0,0,0,0,1898,1,3,1,2,34,0,0,2,2,2
no,1,24,3,1,0,0,0,0,1901,3,3,4,4,29,0,0,1,4,1
no,2,15,3,0,0,0,1,0,1905,2,5,4,4,40,0,0,1,4,1
no,1,18,3,0,0,0,0,1,1913,5,2,3,3,36,1,0,1,3,1
no,1,9,1,1,0,0,0,0,1919,2,4,4,3,35,0,0,1,3,1
no,3,10,3,1,0,0,0,0,1924,2,3,1,4,38,0,0,1,3,1
no,2,24,3,1,0,0,0,0,1925,2,3,2,2,26,0,0,1,3,1
no,2,24,1,0,0,0,1,0,1927,1,3,3,2,33,0,0,2,3,1
no,3,12,1,1,0,0,0,0,1934,2,5,2,2,26,0,0,2,3,1
no,3,12,1,1,0,0,0,0,1935,2,5,4,4,43,0,0,3,3,1
no,3,18,3,1,0,0,0,0,1936,1,4,2,4,23,0,0,2,2,1
no,1,24,1,0,2,0,0,0,1940,5,5,4,4,60,0,0,1,3,1
no,3,18,4,1,0,0,0,0,1940,2,2,3,4,36,1,0,1,4,1
no,3,18,3,0,0,0,0,1,1941,5,3,4,2,35,0,0,1,2,1
no,3,18,3,0,0,0,0,1,1950,2,4,4,1,34,0,1,2,3,1
no,1,6,1,1,0,0,0,0,1957,2,4,1,4,31,0,0,1,3,1
no,3,18,3,0,2,0,0,0,1961,2,5,3,2,23,0,0,1,4,1
no,2,12,3,1,0,0,0,0,1963,2,4,4,2,31,0,0,2,4,2
no,2,24,2,0,2,0,0,0,1965,1,3,4,4,42,0,0,2,3,1
no,2,24,3,1,0,0,0,0,1967,2,5,4,4,20,0,0,1,3,1
no,1,15,3,1,0,0,0,0,1979,1,5,4,2,35,0,0,1,3,1
no,3,18,3,1,0,0,0,0,1984,2,3,4,4,47,1,0,2,3,1
no,1,12,1,0,2,0,0,0,1995,3,2,4,1,27,0,0,1,3,1
no,1,12,3,0,2,0,0,0,2002,2,4,3,4,30,0,0,1,3,2
no,3,12,1,0,0,0,1,0,2012,1,4,4,2,61,0,0,1,3,1
no,1,24,1,0,2,0,0,0,2022,2,3,4,4,37,0,0,1,3,1
no,1,24,1,1,0,0,0,0,2028,2,4,2,2,30,0,0,2,2,1
no,3,12,3,0,2,0,0,0,2028,1,3,4,2,30,0,0,1,3,1
no,3,9,3,1,0,0,0,0,2030,1,4,2,1,24,0,0,1,3,1
no,2,24,2,0,2,0,0,0,2032,2,5,4,4,60,0,0,2,3,1
no,3,18,3,1,0,0,0,0,2051,2,2,4,1,33,0,0,1,3,1
no,2,24,1,0,0,1,0,0,2058,2,3,4,2,33,0,0,2,3,1
no,2,6,3,1,0,0,0,0,2063,2,2,4,3,30,0,0,1,4,1
no,3,10,1,1,0,0,0,0,2069,1,3,2,1,26,0,0,2,3,1
no,3,12,3,1,0,0,0,0,2073,3,3,4,2,28,0,0,1,3,1
no,1,6,1,0,2,0,0,0,2080,4,3,1,2,24,0,0,1,3,1
no,1,12,1,0,0,0,1,0,2096,2,4,2,3,49,0,0,1,2,2
no,2,13,3,1,0,0,0,0,2101,2,2,2,4,23,0,0,1,2,1
no,1,6,3,1,0,0,0,0,2108,2,4,2,2,29,0,0,1,3,1
no,2,6,3,1,0,0,0,0,2116,2,3,2,2,41,0,0,1,3,1
no,1,9,3,1,0,0,0,0,2118,2,3,2,2,37,0,0,1,2,2
no,2,12,1,0,2,0,0,0,2121,2,3,4,2,30,0,0,2,3,1
no,3,12,1,0,2,0,0,0,2122,2,3,3,2,39,0,0,2,2,2
no,2,10,1,1,0,0,0,0,2132,1,2,2,3,27,0,0,2,3,1
no,1,12,3,0,2,0,0,0,2133,1,5,4,4,52,0,0,1,4,1
no,1,9,1,0,2,0,0,0,2134,2,3,4,4,48,0,0,3,3,1
no,2,9,3,1,0,0,0,0,2136,2,3,3,2,25,0,0,1,3,1
no,2,12,3,1,0,0,0,0,2141,3,4,3,1,35,0,0,1,3,1
no,2,11,3,0,0,0,0,1,2142,5,5,1,2,28,0,0,1,3,1
no,3,10,1,1,0,0,0,0,2146,2,2,1,3,23,0,0,2,3,1
no,2,12,1,0,2,0,0,0,2171,2,3,4,4,38,1,0,2,2,1
no,2,12,3,1,0,0,0,0,2171,2,2,2,2,29,1,0,1,3,1
no,1,30,1,0,2,0,0,0,2181,1,5,4,4,36,0,0,2,3,1
no,3,15,3,1,0,0,0,0,2186,1,4,1,4,33,1,0,1,2,1
no,2,24,1,0,2,0,0,0,2197,1,4,4,4,43,0,0,2,3,2
no,1,20,3,1,0,0,0,0,2212,1,4,4,4,39,0,0,1,3,1
no,3,12,3,1,0,0,0,0,2214,2,3,4,3,24,0,0,1,2,1
no,1,15,3,1,0,0,0,0,2221,4,3,2,4,20,0,0,1,3,1
no,3,24,1,1,0,0,0,0,2223,3,5,4,4,52,1,0,2,3,1
no,3,18,1,1,0,0,0,0,2238,2,3,2,1,25,0,0,2,3,1
no,2,10,1,0,2,0,0,0,2241,2,2,1,3,48,0,0,2,2,2
no,2,21,3,1,0,0,0,0,2241,2,5,4,2,50,0,0,2,3,1
no,1,12,2,0,2,0,0,0,2247,2,3,2,2,36,0,1,2,3,1
no,3,18,3,0,2,0,0,0,2249,3,4,4,3,30,0,0,1,4,2
no,2,12,3,1,0,0,0,0,2251,2,3,1,2,46,0,0,1,2,1
no,2,24,3,0,2,0,0,0,2255,1,2,4,1,54,0,0,1,3,1
no,3,36,3,0,0,0,1,0,2273,2,4,3,1,32,0,0,2,3,2
no,2,12,3,1,0,0,0,0,2279,1,3,4,4,37,0,0,1,3,1
no,2,24,3,1,0,0,0,0,2284,2,4,4,2,28,0,0,1,3,1
no,1,21,1,1,0,0,0,0,2288,2,2,4,4,23,0,0,1,3,1
no,1,36,3,1,0,0,0,0,2299,4,5,4,4,39,0,0,1,3,1
no,2,9,3,1,0,0,0,0,2301,3,2,2,4,22,0,0,1,3,1
no,3,10,3,1,0,0,0,0,2315,2,5,3,4,52,0,0,1,2,1
no,2,18,2,1,0,0,0,0,2320,2,1,2,3,34,0,0,2,3,1
no,3,36,3,1,0,0,0,0,2323,2,4,4,4,24,0,0,1,3,1
no,2,24,4,0,2,0,0,0,2325,3,4,2,3,32,1,0,1,3,1
no,3,15,1,0,0,0,0,1,2326,4,3,2,4,27,1,0,1,3,1
no,2,7,3,1,0,0,0,0,2329,2,2,1,1,45,0,0,1,3,1
no,3,12,1,1,0,0,0,0,2331,1,5,1,4,49,0,0,1,3,1
no,3,30,3,1,0,0,0,0,2333,4,5,4,2,30,1,0,1,4,1
no,1,24,2,1,0,0,0,0,2333,1,2,4,2,29,1,0,1,2,1
no,3,36,1,1,0,0,0,0,2337,2,5,4,4,36,0,0,1,3,1
no,3,24,1,0,2,0,0,0,2346,2,4,4,3,35,0,0,2,3,1
no,3,36,1,1,0,0,0,0,2348,2,3,3,2,46,0,0,2,3,1
no,3,21,2,0,2,0,0,0,2353,2,3,1,4,47,0,0,2,3,1
no,2,15,1,0,2,0,0,0,2360,4,3,2,2,36,0,0,1,3,1
no,1,12,1,0,2,0,0,0,2366,4,4,3,3,36,0,0,1,4,1
no,2,24,2,0,0,0,0,1,2375,4,3,4,2,44,0,0,2,3,2
no,2,24,3,1,0,0,0,0,2384,2,5,4,4,64,1,0,1,2,1
no,3,18,3,1,0,0,0,0,2389,2,2,4,1,27,0,1,1,3,1
no,2,12,3,0,2,0,0,0,2390,1,5,4,3,50,0,0,1,3,1
no,1,36,3,1,0,0,0,0,2394,1,3,4,4,25,0,0,1,3,1
no,1,18,1,1,0,0,0,0,2404,2,3,2,2,26,0,0,2,3,1
no,2,9,1,1,0,0,0,0,2406,2,1,2,3,31,0,0,1,4,1
no,3,7,3,1,0,0,0,0,2415,2,3,3,2,34,0,0,1,3,1
no,1,24,1,1,0,0,0,0,2424,1,5,4,4,53,0,0,2,3,1
no,1,18,2,0,0,0,0,1,2427,1,5,4,2,42,0,0,2,3,1
no,2,27,1,0,0,0,0,1,2442,2,5,4,4,43,0,1,4,4,2
no,1,12,3,0,2,0,0,0,2445,1,2,2,4,26,0,0,1,3,1
no,1,24,1,0,2,0,0,0,2463,3,4,4,3,27,0,0,2,3,1
no,1,21,3,0,2,0,0,0,2476,1,5,4,4,46,0,0,1,4,1
no,3,24,4,1,0,0,0,0,2483,4,3,4,4,22,0,1,1,3,1
no,1,30,2,0,0,0,0,1,2503,3,5,4,2,41,0,1,2,3,1
no,3,9,3,0,2,0,0,0,2507,4,5,2,4,51,0,0,1,2,1
no,1,15,3,0,2,0,0,0,2511,2,1,1,4,23,0,0,1,3,1
no,1,18,3,1,0,0,0,0,2515,2,3,3,4,43,0,0,1,3,1
no,1,30,3,1,0,0,0,0,2522,2,5,1,3,39,0,0,1,3,2
no,1,27,3,0,0,0,0,1,2528,2,2,4,1,32,0,0,1,3,2
no,3,39,3,0,2,0,0,0,2569,4,3,4,4,24,0,0,1,3,1
no,3,7,3,1,0,0,0,0,2576,2,3,2,2,35,0,0,1,3,1
no,2,12,3,1,0,0,0,0,2577,2,3,2,1,42,0,0,1,3,1
no,1,24,1,1,0,0,0,0,2578,5,5,2,2,34,0,0,1,3,1
no,3,12,3,1,0,0,0,0,2578,2,1,3,4,55,0,0,1,4,1
no,1,24,3,0,2,0,0,0,2603,5,3,2,4,28,0,0,1,3,1
no,1,21,3,1,0,0,0,0,2606,2,2,4,4,28,0,0,1,4,1
no,2,24,1,1,0,0,0,0,2611,2,5,4,3,46,0,0,2,3,1
no,1,36,5,0,0,1,0,0,2613,2,3,4,2,27,0,0,2,3,1
no,3,18,3,0,0,0,0,1,2622,3,3,4,4,34,0,0,1,3,1
no,3,20,2,0,1,0,0,0,2629,2,3,2,3,29,1,0,2,3,1
no,2,15,3,0,0,1,0,0,2631,3,3,3,2,25,0,0,1,2,1
no,2,6,3,1,0,0,0,0,2647,4,3,2,3,44,0,0,1,3,2
no,1,18,3,1,0,0,0,0,2659,5,3,4,2,28,0,0,1,3,1
no,2,18,3,0,2,0,0,0,2662,1,4,4,3,32,0,0,1,3,1
no,1,24,3,0,2,0,0,0,2670,2,5,4,4,35,0,0,1,4,1
no,1,22,3,1,0,0,0,0,2675,4,5,3,4,40,0,0,1,3,1
no,2,24,3,0,2,0,0,0,2679,2,2,4,1,29,0,0,1,4,1
no,1,24,1,1,0,0,0,0,2684,2,3,4,2,35,0,0,2,2,1
no,3,15,3,0,0,0,0,1,2687,2,4,2,4,26,0,0,1,3,1
no,3,9,3,1,0,0,0,0,2697,2,3,1,2,32,0,0,1,3,2
no,3,15,3,1,0,0,0,0,2708,2,2,2,3,27,1,0,2,2,1
no,1,15,1,1,0,0,0,0,2728,1,4,4,2,35,1,0,3,3,1
no,3,28,1,1,0,0,0,0,2743,2,5,4,2,29,0,0,2,3,1
no,2,21,1,1,0,0,0,0,2745,5,4,3,2,32,0,0,2,3,1
no,3,12,1,0,0,0,1,0,2748,2,5,2,4,57,1,0,3,2,1
no,2,48,1,0,2,0,0,0,2751,1,5,4,3,38,0,0,2,3,2
no,3,9,3,1,0,0,0,0,2753,3,5,3,4,35,0,0,1,3,1
no,1,12,5,1,0,0,0,0,2759,2,5,2,4,34,0,0,2,3,1
no,3,24,3,0,2,0,0,0,2760,1,5,4,4,36,1,0,1,3,1
no,2,33,2,0,0,0,0,1,2764,2,3,2,2,26,0,0,2,3,1
no,2,18,3,0,2,0,0,0,2779,2,3,1,3,21,0,0,1,3,1
no,3,21,3,0,2,0,0,0,2782,4,4,1,2,31,1,0,1,4,1
no,2,15,1,1,0,0,0,0,2788,2,4,2,3,24,1,0,2,3,1
no,1,9,1,0,2,0,0,0,2799,2,3,2,2,36,0,0,2,3,2
no,2,24,3,0,2,0,0,0,2812,1,5,2,4,26,0,0,1,3,1
no,1,24,1,0,0,0,0,1,2825,1,4,4,3,34,0,0,2,3,2
no,2,24,4,1,0,0,0,0,2828,4,3,4,4,22,0,1,1,3,1
no,3,30,1,1,0,0,0,0,2831,2,3,4,2,33,0,0,1,3,1
no,1,24,3,1,0,0,0,0,2835,4,5,3,4,53,0,0,1,3,1
no,2,10,3,0,2,0,0,0,2848,3,3,1,2,32,0,0,1,3,2
no,1,12,3,0,2,0,0,0,2859,1,1,4,4,38,0,0,1,4,1
no,1,36,2,0,2,0,0,0,2862,3,5,4,3,30,0,0,1,3,1
no,1,24,1,1,0,0,0,0,2872,3,5,3,4,36,0,0,1,3,2
no,3,24,3,1,0,0,0,0,2892,2,5,3,4,51,0,0,1,3,1
no,3,24,3,1,0,0,0,0,2896,3,2,2,1,29,0,0,1,3,1
no,3,18,2,0,2,0,0,0,2899,1,5,4,4,43,0,0,1,3,2
no,1,10,3,0,2,0,0,0,2901,1,2,1,4,31,0,0,1,3,1
no,1,24,3,0,2,0,0,0,2910,2,4,2,1,34,0,0,1,4,1
no,1,21,3,0,2,0,0,0,2923,3,3,1,1,28,1,0,1,4,1
no,2,24,3,0,2,0,0,0,2924,2,3,3,4,63,1,0,1,3,2
no,2,12,3,1,0,0,0,0,2930,2,4,2,1,27,0,0,1,3,1
no,3,24,1,0,2,0,0,0,2957,2,5,4,4,63,0,0,2,3,1
no,1,24,3,0,2,0,0,0,2964,1,5,4,4,49,1,0,1,3,2
no,3,6,3,1,0,0,0,0,2978,4,3,1,2,32,0,0,1,3,1
no,2,24,2,0,0,0,0,1,2978,1,3,4,4,32,0,0,2,3,2
no,1,30,3,1,0,0,0,0,2991,1,5,2,4,25,0,0,1,3,1
no,3,21,2,0,2,0,0,0,2993,2,3,3,2,28,0,1,2,2,1
no,1,18,3,1,0,0,0,0,3001,2,4,2,4,40,0,0,1,3,1
no,2,12,3,1,0,0,0,0,3016,2,3,3,1,24,0,0,1,3,1
no,2,30,1,1,0,0,0,0,3017,2,5,4,4,47,0,0,1,3,1
no,3,12,3,1,0,0,0,0,3017,2,2,3,1,34,0,0,1,4,1
no,1,24,3,1,0,0,0,0,3021,2,3,2,2,24,0,0,1,2,1
no,2,15,3,0,2,0,0,0,3029,2,4,2,2,33,0,0,1,3,1
no,3,18,3,1,0,0,0,0,3049,2,2,1,1,45,0,1,1,2,1
no,1,12,3,1,0,0,0,0,3059,5,4,2,4,61,0,0,1,2,1
no,1,24,3,1,0,0,0,0,3062,4,5,4,3,32,0,0,1,3,1
no,1,24,3,1,0,0,0,0,3069,3,5,4,4,30,0,0,1,3,1
no,2,9,1,1,0,0,0,0,3074,1,3,1,2,33,0,0,2,3,2
no,2,30,1,1,0,0,0,0,3077,1,5,3,2,40,0,0,2,3,2
no,1,12,3,1,0,0,0,0,3077,2,3,2,4,52,0,0,1,3,1
no,2,36,3,0,2,0,0,0,3079,1,3,4,4,36,0,0,1,3,1
no,1,18,5,0,0,0,0,1,3104,2,4,3,1,31,1,0,1,3,1
no,2,24,3,1,0,0,0,0,3105,1,2,4,2,25,0,0,2,3,1
no,2,12,1,0,2,0,0,0,3124,2,2,1,3,49,1,0,2,2,2
no,1,24,1,1,0,0,0,0,3148,1,3,3,2,31,0,0,2,3,1
no,2,24,3,1,0,0,0,0,3149,2,2,4,1,22,1,0,1,3,1
no,3,21,3,1,0,0,0,0,3160,1,5,4,3,41,0,0,1,3,1
no,2,24,3,1,0,0,0,0,3181,2,2,4,4,26,0,0,1,3,1
no,2,15,3,0,2,0,0,0,3186,5,4,2,3,20,0,0,1,3,1
no,3,9,3,0,2,0,0,0,3195,1,3,1,2,33,0,0,1,2,1
no,1,18,3,1,0,0,0,0,3213,4,2,1,3,25,0,0,1,3,1
no,1,18,1,0,2,0,0,0,3229,1,1,2,4,38,0,0,1,4,1
no,1,24,3,1,0,0,0,0,3235,4,5,3,2,26,0,0,1,4,1
no,3,18,5,1,0,0,0,0,3244,2,3,1,4,33,1,0,2,3,1
no,3,36,3,0,2,0,0,0,3249,2,4,2,4,39,1,0,1,4,2
no,3,21,1,0,2,0,0,0,3275,2,5,1,4,36,0,0,1,4,1
no,3,12,1,1,0,0,0,0,3331,2,5,2,4,42,0,1,1,3,1
no,1,36,1,1,0,0,0,0,3342,1,5,4,2,51,0,0,1,3,1
no,1,15,1,1,0,0,0,0,3343,2,3,4,2,28,0,0,1,3,1
no,2,21,3,1,0,0,0,0,3357,5,2,4,2,29,1,0,1,3,1
no,3,15,1,0,2,0,0,0,3368,5,5,3,4,23,0,0,2,3,1
no,2,18,3,0,2,0,0,0,3378,1,3,2,1,31,0,0,1,3,1
no,2,4,1,0,2,0,0,0,3380,2,4,1,1,37,0,0,1,3,2
no,2,42,1,0,0,1,0,0,3394,2,1,4,4,65,0,0,2,1,1
no,1,8,1,0,2,0,0,0,3398,2,4,1,4,39,0,0,2,2,1
no,3,12,3,1,0,0,0,0,3399,1,5,2,3,37,0,0,1,4,1
no,3,27,3,1,0,0,0,0,3416,2,3,3,2,27,0,0,1,4,1
no,2,18,3,1,0,0,0,0,3422,2,5,4,4,47,1,0,3,3,2
no,2,24,3,1,0,0,0,0,3430,4,5,3,2,31,0,0,1,3,2
no,3,12,4,0,0,0,1,0,3447,4,3,4,3,35,0,0,1,2,2
no,3,5,3,0,0,0,0,1,3448,2,4,1,4,74,0,0,1,2,1
no,3,20,1,0,2,0,0,0,3485,1,2,2,4,44,0,0,2,3,1
no,2,24,3,0,2,0,0,0,3488,3,4,3,4,23,0,0,1,3,1
no,3,30,4,1,0,0,0,0,3496,5,3,4,2,34,0,1,1,3,2
no,1,18,3,1,0,0,0,0,3509,2,4,4,1,25,0,0,1,3,1
no,2,24,3,0,2,0,0,0,3512,3,4,2,3,38,1,0,2,3,1
no,3,6,3,0,2,0,0,0,3518,2,3,2,3,26,0,0,1,3,1
no,1,12,3,0,2,0,0,0,3527,1,2,2,3,45,0,0,1,4,2
no,2,36,1,0,2,0,0,0,3535,2,4,4,4,37,0,0,2,3,1
no,3,15,3,0,2,0,0,0,3556,1,3,3,2,29,0,0,1,3,1
no,3,12,1,0,0,0,1,0,3565,1,2,2,1,37,0,0,2,2,2
no,3,48,4,0,0,0,0,1,3566,3,4,4,2,30,0,0,1,3,1
no,2,15,3,1,0,0,0,0,3568,2,5,4,2,54,1,0,1,4,1
no,3,12,1,1,0,0,0,0,3573,2,3,1,1,23,0,0,1,2,1
no,3,9,3,0,2,0,0,0,3577,3,3,1,2,26,0,0,1,3,2
no,2,48,1,1,0,0,0,0,3578,1,5,4,1,47,0,0,1,3,1
no,1,18,1,0,0,0,0,1,3590,2,1,3,3,40,0,0,3,1,2
no,2,12,3,1,0,0,0,0,3590,2,3,2,2,29,0,0,1,2,2
no,1,15,2,0,2,0,0,0,3594,2,2,1,2,46,0,0,2,2,1
no,1,36,3,1,0,0,0,0,3595,2,5,4,2,28,0,0,1,3,1
no,3,21,3,1,0,0,0,0,3599,2,4,1,4,26,0,0,1,2,1
no,2,48,4,0,0,0,0,1,3609,2,3,1,1,27,0,1,1,3,1
no,1,18,1,1,0,0,0,0,3612,2,5,3,4,37,0,0,1,3,1
no,1,24,1,1,0,0,0,0,3617,1,5,4,4,20,0,0,2,3,1
no,2,12,1,1,0,0,0,0,3617,2,5,1,4,28,0,0,3,3,1
no,3,36,3,1,0,0,0,0,3620,2,3,1,2,37,0,0,1,3,2
no,3,30,3,1,0,0,0,0,3622,5,5,4,4,57,0,0,2,3,1
no,2,24,4,0,2,0,0,0,3632,2,3,1,4,22,1,0,1,3,1
no,2,15,2,1,0,0,0,0,3643,2,5,1,4,27,0,0,2,2,1
no,2,18,3,1,0,0,0,0,3650,2,2,1,4,22,0,0,1,3,1
no,1,12,3,0,2,0,0,0,3651,5,3,1,3,31,0,0,1,3,2
no,3,21,1,0,0,0,0,1,3652,2,4,2,3,27,0,0,2,3,1
no,3,30,1,1,0,0,0,0,3656,1,5,4,4,49,0,1,2,2,1
no,3,24,3,1,0,0,0,0,3660,2,3,2,4,28,0,0,1,3,1
no,3,6,1,0,2,0,0,0,3676,2,3,1,3,37,0,0,3,3,2
no,2,36,3,0,0,0,1,0,3711,1,3,2,2,27,0,0,1,3,1
no,1,24,3,1,0,0,0,0,3749,2,2,2,4,26,0,0,1,3,1
no,3,24,3,0,2,0,0,0,3757,2,5,4,4,62,0,0,1,3,1
no,1,24,3,1,0,0,0,0,3758,4,1,1,4,23,0,0,1,1,1
no,1,21,3,0,2,0,0,0,3763,1,4,2,2,24,0,0,1,2,1
no,1,24,1,1,0,0,0,0,3777,5,3,4,4,50,0,0,1,3,1
no,3,18,1,1,0,0,0,0,3780,2,2,3,2,35,0,0,2,4,1
no,3,15,3,0,2,0,0,0,3812,3,2,1,4,23,0,0,1,3,1
no,3,30,3,1,0,0,0,0,3832,2,2,2,1,22,0,0,1,3,1
no,1,9,3,0,0,0,1,0,3832,1,5,1,4,64,0,0,1,2,1
no,1,36,3,1,0,0,0,0,3835,1,5,2,4,45,0,0,1,2,1
no,3,18,1,0,2,0,0,0,3850,2,4,3,1,27,0,0,2,3,1
no,1,30,3,0,2,0,0,0,3857,2,3,4,4,40,0,0,1,4,1
no,2,24,2,0,0,0,0,1,3863,2,3,1,2,32,0,0,1,3,1
no,3,24,1,0,2,0,0,0,3868,2,5,4,2,41,0,0,2,4,1
no,3,18,3,0,0,1,0,0,3872,2,1,2,4,67,0,0,1,3,1
no,2,24,1,0,2,0,0,0,3878,3,2,4,2,37,0,0,1,3,1
no,2,11,1,0,2,0,0,0,3905,2,3,2,2,36,0,0,2,3,2
no,1,36,3,1,0,0,0,0,3913,2,3,2,2,23,0,0,1,3,1
no,1,11,1,0,2,0,0,0,3939,2,3,1,2,40,0,0,2,2,2
no,1,10,3,0,2,0,0,0,3949,2,2,1,1,37,0,0,1,2,2
no,1,36,3,1,0,0,0,0,3959,2,1,4,3,30,0,0,1,4,1
no,3,24,3,1,0,0,0,0,3972,2,4,2,4,25,0,0,1,3,1
no,1,14,3,0,2,0,0,0,3973,2,1,1,4,22,0,0,1,3,1
no,3,21,3,1,0,0,0,0,3976,1,4,2,3,35,0,0,1,3,1
no,3,48,3,1,0,0,0,0,3979,1,4,4,1,41,0,0,2,3,2
no,1,36,4,1,0,0,0,0,3990,1,2,3,2,29,1,0,1,1,1
no,1,24,3,1,0,0,0,0,4020,2,3,2,2,27,0,1,1,3,1
no,3,42,1,1,0,0,0,0,4042,4,3,4,4,36,0,0,2,3,1
no,3,24,1,0,2,0,0,0,4042,1,4,3,4,43,0,0,2,3,1
no,3,24,1,0,0,0,0,1,4139,3,3,3,3,27,0,0,2,2,1
no,3,24,2,1,0,0,0,0,4151,3,3,2,3,35,0,0,2,3,1
no,2,24,3,1,0,0,0,0,4169,2,3,4,4,28,0,0,1,3,1
no,3,30,5,0,0,0,0,1,4221,2,3,2,1,28,0,0,2,3,1
no,1,20,1,1,0,0,0,0,4272,2,5,1,4,24,0,0,2,3,1
no,1,30,2,0,0,0,0,1,4272,3,3,2,2,26,0,0,2,2,1
no,2,24,3,1,0,0,0,0,4351,1,3,1,4,48,0,0,1,2,1
no,3,18,3,0,2,0,0,0,4380,3,3,3,4,35,0,0,1,2,2
no,1,18,3,0,0,0,0,1,4439,2,5,1,1,33,1,0,1,4,1
no,3,36,2,1,0,0,0,0,4454,2,3,4,4,34,0,0,2,3,1
no,3,36,3,1,0,0,0,0,4473,2,5,4,2,31,0,0,1,3,1
no,2,24,1,0,0,0,0,1,4526,2,3,3,2,74,0,0,1,4,1
no,3,27,1,1,0,0,0,0,4526,5,2,4,2,32,0,1,2,2,2
no,3,30,1,1,0,0,0,0,4530,2,4,4,4,26,0,0,1,4,1
no,1,45,1,0,2,0,0,0,4576,3,1,3,4,27,0,0,1,3,1
no,1,30,5,1,0,0,0,0,4583,2,3,2,2,32,0,0,2,3,1
no,1,18,3,1,0,0,0,0,4594,2,2,3,2,32,0,0,1,3,1
no,1,15,3,0,2,0,0,0,4657,2,3,3,2,30,0,0,1,3,1
no,1,12,3,0,2,0,0,0,4675,1,2,1,4,20,0,0,1,3,1
no,3,24,2,0,2,0,0,0,4679,2,4,3,3,35,0,0,2,2,1
no,1,36,3,0,2,0,0,0,4686,2,3,2,2,32,0,0,1,4,1
no,1,24,2,0,0,0,0,1,4712,1,3,4,2,37,1,0,2,4,1
no,1,6,1,0,2,0,0,0,4716,1,2,1,3,44,0,0,2,2,2
no,3,11,2,1,0,0,0,0,4771,2,4,2,4,51,0,0,1,3,1
no,2,48,3,0,2,0,0,0,4788,2,4,4,3,26,0,0,1,3,2
no,1,36,3,1,0,0,0,0,4795,2,2,4,1,30,0,0,1,4,1
no,1,42,1,0,2,0,0,0,4796,2,5,4,4,56,0,0,1,3,1
no,3,30,3,0,2,0,0,0,4811,1,4,2,4,24,0,1,1,2,1
no,3,15,1,0,2,0,0,0,5045,1,5,1,4,59,0,0,1,3,1
no,3,24,3,1,0,0,0,0,5084,1,5,2,4,42,0,0,1,3,1
no,3,24,1,1,0,0,0,0,5103,2,2,3,3,47,0,0,3,3,1
no,2,27,2,0,0,0,0,1,5117,2,4,3,4,26,0,0,2,3,1
no,1,24,1,1,0,0,0,0,5150,2,5,4,4,33,0,0,1,3,1
no,2,24,3,1,0,0,0,0,5152,2,4,4,2,25,1,0,1,3,1
no,2,27,3,0,0,1,0,0,5190,1,5,4,4,48,0,0,4,3,2
no,2,21,3,0,2,0,0,0,5248,1,3,1,3,26,0,0,1,3,1
no,2,18,1,0,2,0,0,0,5302,2,5,2,4,36,0,0,3,4,1
no,1,15,3,0,2,0,0,0,5324,4,5,1,4,35,0,0,1,3,1
no,3,36,1,1,0,0,0,0,5371,2,3,3,2,28,0,0,2,3,1
no,1,48,3,0,1,0,0,0,5381,1,1,3,4,40,1,0,1,1,1
no,3,24,3,0,2,0,0,0,5433,1,1,2,4,26,0,0,1,4,1
no,2,36,3,0,2,0,0,0,5493,2,5,2,4,42,0,0,1,3,2
no,3,24,1,0,0,1,0,0,5507,2,5,3,4,44,0,0,2,3,1
no,3,24,3,1,0,0,0,0,5511,3,3,4,1,25,0,1,1,3,1
no,3,36,1,0,2,0,0,0,5711,5,5,4,2,38,0,0,2,4,1
no,3,36,3,0,0,0,0,1,5742,3,4,2,2,31,0,0,2,3,1
no,2,24,1,0,0,0,1,0,5743,2,2,2,4,24,0,0,2,3,1
no,2,30,1,1,0,0,0,0,5771,2,4,4,2,25,0,0,2,3,1
no,2,36,1,0,2,0,0,0,5800,2,3,3,4,34,0,0,2,3,1
no,3,12,1,1,0,0,0,0,5801,1,5,2,4,49,0,0,1,3,1
no,3,24,1,0,2,0,0,0,5804,5,3,4,2,27,0,0,2,3,1
no,1,36,1,0,2,0,0,0,5842,2,5,2,2,35,0,0,2,3,2
no,2,36,3,1,0,0,0,0,5848,2,3,4,1,24,0,0,1,3,1
no,3,18,3,0,2,0,0,0,5866,3,3,2,2,30,0,0,2,3,1
no,3,42,1,0,0,0,0,1,5954,2,4,2,1,41,1,0,2,2,1
no,3,30,1,1,0,0,0,0,5954,2,4,3,2,38,0,0,1,3,1
no,3,27,2,0,2,0,0,0,5965,2,5,1,2,30,0,0,2,4,1
no,3,18,1,1,0,0,0,0,6070,2,5,3,4,33,0,0,2,3,1
no,2,12,3,0,2,0,0,0,6078,2,4,2,2,32,0,0,1,3,1
no,1,48,1,0,0,0,1,0,6110,2,3,1,3,31,1,0,1,3,1
no,3,20,5,0,2,0,0,0,6148,3,5,3,4,31,1,0,2,3,1
no,2,30,1,0,2,0,0,0,6187,3,4,1,4,24,0,0,2,3,1
no,2,18,2,0,0,1,0,0,6204,2,3,2,4,44,0,0,1,2,2
no,3,18,3,0,2,0,0,0,6260,2,4,3,3,28,0,0,1,2,1
no,3,42,5,0,0,0,0,1,6289,2,2,2,1,33,0,0,2,3,1
no,3,36,1,0,0,0,0,1,6304,1,5,4,4,36,0,0,2,3,1
no,3,24,3,0,2,0,0,0,6313,1,5,3,4,41,0,0,1,4,2
no,3,24,1,0,1,0,0,0,6314,2,1,4,2,27,1,0,2,4,1
no,1,18,1,1,0,0,0,0,6361,2,5,2,1,41,0,0,1,3,1
no,3,24,2,1,0,0,0,0,6403,2,2,1,2,33,0,0,1,3,1
no,2,24,1,0,2,0,0,0,6419,2,5,2,4,44,0,0,2,4,2
no,2,20,3,0,2,0,0,0,6468,1,1,1,4,60,0,0,1,4,1
no,3,60,3,0,2,0,0,0,6527,1,3,4,4,34,0,0,1,3,2
no,2,24,3,0,0,0,0,1,6568,2,3,2,2,21,0,1,1,2,1
no,3,24,3,0,2,0,0,0,6579,2,1,4,2,29,0,0,1,4,1
no,3,36,1,0,2,0,0,0,6614,2,5,4,4,34,0,0,2,4,1
no,2,24,1,0,2,0,0,0,6615,2,1,2,4,75,0,0,2,4,1
no,2,48,2,0,0,0,0,1,6681,1,3,4,4,38,0,0,1,3,2
no,3,30,1,1,0,0,0,0,6742,1,4,2,3,36,0,0,2,3,1
no,3,6,1,0,2,0,0,0,6761,2,4,1,3,45,0,0,2,4,2
no,2,24,1,0,2,0,0,0,6842,1,3,2,4,46,0,0,2,4,2
no,1,36,3,0,2,0,0,0,6948,2,3,2,2,35,0,0,1,4,1
no,3,24,2,0,0,0,0,1,6967,3,4,4,4,36,0,0,1,4,1
no,2,20,2,0,2,0,0,0,7057,1,4,3,4,36,1,0,2,4,2
no,3,42,3,1,0,0,0,0,7166,1,4,2,4,29,0,0,1,3,1
no,3,11,1,0,2,0,0,0,7228,2,3,1,4,39,0,0,2,2,1
no,3,48,2,1,0,0,0,0,7238,1,5,3,3,32,1,0,2,3,2
no,3,33,1,0,2,0,0,0,7253,2,4,3,2,35,0,0,2,4,1
no,2,10,3,0,2,0,0,0,7308,2,1,2,4,70,1,0,1,4,1
no,1,18,1,1,0,0,0,0,7374,2,1,4,4,40,0,1,2,4,1
no,3,24,3,0,2,0,0,0,7393,2,3,1,4,43,0,0,1,2,2
no,2,36,3,0,0,0,0,1,7409,1,5,3,2,37,0,0,2,3,1
no,1,60,2,1,0,0,0,0,7418,1,3,1,1,27,0,0,1,2,1
no,3,36,2,0,2,0,0,0,7432,2,3,2,2,54,0,0,1,3,1
no,3,12,3,0,2,0,0,0,7472,1,1,1,2,24,0,0,1,1,1
no,2,48,3,0,0,0,1,0,7476,2,4,4,1,50,0,0,1,4,1
no,3,48,2,0,1,0,0,0,7582,3,1,2,4,31,0,0,1,4,1
no,2,30,1,0,2,0,0,0,7596,1,5,1,4,63,0,0,2,3,1
no,2,48,1,0,0,0,0,1,7629,1,5,4,2,46,1,0,2,4,2
no,1,36,2,1,0,0,0,0,7678,4,4,2,4,40,0,0,2,3,1
no,2,24,3,1,0,0,0,0,7721,1,2,1,2,30,0,0,1,3,1
no,3,24,1,0,2,0,0,0,7758,5,5,2,4,29,0,0,1,3,1
no,1,24,3,0,2,0,0,0,7814,2,4,3,3,38,0,0,1,4,1
no,1,28,4,0,2,0,0,0,7824,1,2,3,4,40,1,0,2,3,2
no,2,42,3,1,0,0,0,0,7882,2,4,2,4,45,0,0,1,3,2
no,2,26,3,0,2,0,0,0,7966,2,2,2,3,30,0,0,2,3,1
no,1,30,5,0,0,0,0,1,8072,1,2,2,3,25,1,0,3,3,1
no,2,36,3,0,2,0,0,0,8133,2,3,1,2,30,1,0,1,3,1
no,1,48,5,0,2,0,0,0,8358,4,2,1,1,30,0,0,2,3,1
no,1,18,2,0,0,0,1,0,8471,1,3,1,2,23,0,0,2,3,1
no,1,48,3,0,2,0,0,0,8487,1,4,1,2,24,0,0,1,3,1
no,1,39,3,0,2,0,0,0,8588,3,5,4,2,45,0,0,1,4,1
no,2,27,2,0,2,0,0,0,8613,5,3,2,2,27,0,0,2,3,1
no,1,48,1,0,2,0,0,0,8858,1,4,2,1,35,0,0,2,3,1
no,1,36,2,0,2,0,0,0,8947,1,4,3,2,31,0,1,1,4,2
no,1,36,3,0,0,0,1,0,9055,1,3,2,4,35,0,0,1,2,2
no,3,60,2,1,0,0,0,0,9157,1,3,2,2,27,0,0,1,4,1
no,1,24,3,0,2,0,0,0,9277,1,3,2,4,48,0,0,1,3,1
no,2,42,4,0,2,0,0,0,9283,2,1,1,2,55,1,0,1,4,1
no,1,54,5,0,2,0,0,0,9436,1,3,2,2,39,0,0,1,2,2
no,2,36,1,1,0,0,0,0,9566,2,3,2,2,31,0,1,2,3,1
no,3,36,2,0,0,0,0,1,9857,3,4,1,3,31,0,0,2,2,2
no,1,60,3,1,0,0,0,0,10144,3,4,2,4,21,0,0,1,3,1
no,2,48,3,1,0,0,0,0,10222,1,4,4,3,37,0,1,1,3,1
no,1,60,3,0,2,0,0,0,10366,2,5,2,4,42,0,0,1,4,1
no,1,36,1,0,2,0,0,0,10477,1,5,2,4,42,0,0,2,3,1
no,1,30,1,0,2,0,0,0,10623,2,5,3,4,38,0,0,3,4,2
no,1,47,3,0,2,0,0,0,10722,2,2,1,1,35,0,0,1,2,1
no,2,36,2,0,2,0,0,0,10875,2,5,2,2,45,0,0,2,3,2
no,3,36,1,0,2,0,0,0,11054,1,3,4,2,30,0,0,1,4,1
no,2,39,2,0,0,0,1,0,11760,3,4,2,3,32,0,0,1,3,1
no,2,48,4,0,2,0,0,0,12169,1,1,4,4,36,0,0,1,4,1
no,1,48,5,0,0,0,0,1,12204,1,3,2,2,48,1,0,1,4,1
no,1,48,2,1,0,0,0,0,12749,4,4,4,1,37,0,0,1,4,1
no,3,60,1,0,2,0,0,0,13756,1,5,2,4,63,1,0,1,4,1
no,3,39,1,1,0,0,0,0,14179,1,4,4,4,30,0,0,2,4,1
no,2,60,2,1,0,0,0,0,15653,2,4,2,4,21,0,0,2,3,1
no,2,36,3,0,1,0,0,0,15857,2,1,2,3,43,0,0,1,4,1
yes,2,18,3,1,0,0,0,0,433,2,1,3,4,22,0,0,1,3,1
yes,2,6,4,0,0,0,1,0,433,5,2,4,2,24,1,0,1,3,2
yes,0,6,3,0,0,0,1,0,448,2,2,4,4,23,0,0,1,3,1
yes,0,12,4,0,0,0,0,1,609,2,2,4,1,26,0,0,1,1,1
yes,1,12,4,1,0,0,0,0,626,2,3,4,4,24,1,0,1,2,1
yes,2,12,3,0,0,1,0,0,639,2,3,4,2,30,0,0,1,3,1
yes,0,9,3,0,2,0,0,0,654,2,3,4,3,28,0,0,1,2,1
yes,1,12,3,1,0,0,0,0,674,3,4,4,1,20,0,0,1,3,1
yes,1,12,3,0,0,0,1,0,684,2,3,4,4,40,0,0,1,2,2
yes,0,12,3,0,2,0,0,0,685,2,4,2,3,25,1,0,1,2,1
yes,2,12,1,0,2,0,0,0,691,2,5,4,3,35,0,0,2,3,1
yes,1,12,4,0,2,0,0,0,697,2,2,4,2,46,1,0,2,3,1
yes,1,12,3,1,0,0,0,0,709,2,5,4,4,57,0,1,1,2,1
yes,2,12,3,0,0,0,1,0,719,2,5,4,4,41,1,0,1,2,2
yes,2,12,3,1,0,0,0,0,727,3,2,4,3,33,0,0,1,2,1
yes,1,12,3,1,0,0,0,0,741,3,1,4,3,22,0,0,1,3,1
yes,0,9,3,1,0,0,0,0,745,2,3,3,2,28,0,0,1,2,1
yes,2,18,3,0,0,0,1,0,750,2,1,4,1,27,0,0,1,1,1
yes,0,12,3,0,2,0,0,0,759,2,4,4,2,26,0,0,1,3,1
yes,0,12,3,1,0,0,0,0,766,4,3,4,3,66,0,0,1,2,1
yes,1,12,3,0,0,0,1,0,795,2,2,4,4,53,0,0,1,3,1
yes,0,12,1,1,0,0,0,0,797,1,5,4,3,33,1,0,1,2,2
yes,2,15,3,1,0,0,0,0,802,2,5,4,3,37,0,0,1,3,2
yes,2,12,3,0,2,0,0,0,836,3,2,4,2,23,1,0,1,2,1
yes,1,18,1,0,2,0,0,0,884,2,5,4,4,36,1,0,1,3,2
yes,0,12,3,0,2,0,0,0,888,2,5,4,4,41,1,0,1,2,2
yes,1,12,3,0,2,0,0,0,900,1,3,4,2,23,0,0,1,3,1
yes,0,12,3,0,0,0,1,0,902,2,4,4,4,21,0,0,1,3,1
yes,0,24,3,0,2,0,0,0,915,1,5,4,2,29,1,0,1,3,1
yes,2,9,3,1,0,0,0,0,918,2,3,4,1,30,0,0,1,3,1
yes,2,6,4,0,2,0,0,0,931,3,2,1,1,32,0,1,1,2,1
yes,1,12,1,0,2,0,0,0,939,4,4,4,2,28,0,0,3,3,1
yes,0,24,3,0,2,0,0,0,947,2,4,4,3,38,1,0,1,3,2
yes,0,15,5,0,2,0,0,0,950,2,5,4,3,33,0,0,2,3,2
yes,0,12,3,1,0,0,0,0,951,3,2,4,4,27,1,0,4,3,1
yes,2,9,3,1,0,0,0,0,959,2,3,1,2,29,0,0,1,3,1
yes,1,18,3,0,2,0,0,0,976,2,2,1,2,23,0,0,1,2,1
yes,0,24,2,1,0,0,0,0,1024,2,2,4,4,48,0,1,1,3,1
yes,1,18,3,0,2,0,0,0,1042,1,3,4,2,33,0,0,1,3,1
yes,1,18,1,0,2,0,0,0,1056,2,5,3,3,30,1,0,2,3,1
yes,0,12,5,0,2,0,0,0,1082,2,3,4,4,48,1,0,2,3,1
yes,1,12,5,0,0,1,0,0,1108,2,4,4,3,28,0,0,2,3,1
yes,1,12,3,1,0,0,0,0,1123,4,3,4,4,29,0,0,1,2,1
yes,0,18,3,1,0,0,0,0,1131,2,1,4,2,33,0,0,1,3,1
yes,1,9,1,0,0,0,1,0,1136,5,5,4,3,32,0,0,2,3,2
yes,2,21,3,0,0,0,0,1,1188,2,5,2,4,39,0,0,1,3,2
yes,1,18,1,0,0,1,0,0,1190,2,1,2,4,55,0,0,3,1,2
yes,0,24,4,0,2,0,0,0,1193,2,1,1,4,29,0,0,2,1,1
yes,0,6,4,0,0,0,1,0,1198,2,5,4,4,35,0,0,1,3,1
yes,2,24,1,0,2,0,0,0,1199,2,5,4,4,60,0,0,2,2,1
yes,2,24,3,0,2,0,0,0,1207,2,2,4,4,24,0,0,1,3,1
yes,0,6,2,0,2,0,0,0,1209,2,1,4,4,47,0,0,1,4,1
yes,0,24,1,1,0,0,0,0,1216,3,2,4,4,38,1,0,2,3,2
yes,1,18,3,0,2,0,0,0,1216,2,2,4,3,23,0,0,1,3,1
yes,2,18,3,1,0,0,0,0,1217,2,3,4,3,47,0,0,1,2,1
yes,1,12,3,0,2,0,0,0,1223,2,5,1,1,46,0,0,2,3,1
yes,1,12,3,0,2,0,0,0,1228,2,3,4,2,24,0,0,1,2,1
yes,1,8,3,1,0,0,0,0,1237,2,3,3,4,24,0,0,1,3,1
yes,2,10,3,0,2,0,0,0,1240,3,5,1,4,48,0,0,1,2,2
yes,2,18,1,1,0,0,0,0,1245,2,3,4,2,33,0,0,1,3,1
yes,2,24,3,0,2,0,0,0,1246,2,2,4,2,23,0,1,1,2,1
yes,2,15,4,0,2,0,0,0,1264,3,3,2,2,25,0,0,1,3,1
yes,1,15,1,1,0,0,0,0,1271,1,3,3,4,39,0,0,2,3,1
yes,0,12,3,0,2,0,0,0,1274,2,2,3,1,37,0,0,1,2,1
yes,2,15,3,1,0,0,0,0,1275,1,3,4,2,24,0,0,1,3,1
yes,2,24,3,1,0,0,0,0,1282,3,3,4,2,32,0,0,1,2,1
yes,0,12,3,1,0,0,0,0,1282,2,3,2,4,20,0,0,1,3,1
yes,2,24,3,0,2,0,0,0,1285,1,4,4,4,32,0,0,1,3,1
yes,2,12,3,0,2,0,0,0,1295,2,2,3,1,25,0,0,1,3,1
yes,1,10,3,0,2,0,0,0,1309,1,3,4,4,27,0,0,1,2,1
yes,2,12,3,1,0,0,0,0,1331,2,2,2,1,22,0,1,1,3,1
yes,1,24,2,0,2,0,0,0,1333,2,1,4,2,43,0,0,2,3,2
yes,1,9,5,1,0,0,0,0,1337,2,2,4,2,34,0,0,2,4,1
yes,1,24,1,0,2,0,0,0,1344,1,4,4,2,37,1,0,2,2,2
yes,1,18,3,1,0,0,0,0,1345,2,3,4,3,26,1,0,1,3,1
yes,1,24,3,0,2,0,0,0,1355,2,2,3,4,25,0,0,1,2,1
yes,1,24,4,0,1,0,0,0,1358,1,5,4,3,40,0,1,1,4,1
yes,2,9,3,1,0,0,0,0,1366,2,2,3,4,22,0,0,1,3,1
yes,1,24,3,0,2,0,0,0,1371,1,3,4,4,25,0,0,1,3,1
yes,0,12,3,0,2,0,0,0,1372,2,4,2,3,36,0,0,1,3,1
yes,1,24,3,0,2,0,0,0,1381,1,3,4,2,35,0,0,1,3,1
yes,0,12,3,0,2,0,0,0,1386,4,3,2,2,26,0,0,1,3,1
yes,2,9,3,0,2,0,0,0,1422,2,2,3,2,27,0,0,1,4,1
yes,0,9,4,0,2,0,0,0,1437,3,4,2,3,29,0,0,1,3,1
yes,0,24,3,0,2,0,0,0,1442,2,4,4,4,23,0,0,2,3,1
yes,0,18,4,0,2,0,0,0,1442,2,4,4,4,32,0,0,2,2,2
yes,0,9,3,1,0,0,0,0,1478,2,4,4,2,22,0,0,1,3,1
yes,0,12,3,1,0,0,0,0,1484,1,3,2,1,25,0,0,1,3,1
yes,0,9,1,0,0,0,1,0,1501,2,5,2,3,34,0,0,2,4,1
yes,1,15,2,0,0,1,0,0,1512,5,3,3,3,61,0,1,2,3,1
yes,2,18,1,0,2,0,0,0,1530,2,3,3,2,32,1,0,2,3,1
yes,1,18,3,1,0,0,0,0,1533,2,2,4,1,43,0,0,1,2,2
yes,2,12,3,1,0,0,0,0,1534,2,2,1,1,23,0,0,1,3,1
yes,2,24,4,1,0,0,0,0,1546,2,4,4,4,24,1,0,1,2,1
yes,0,18,4,1,0,0,0,0,1553,2,3,4,3,44,1,0,1,3,1
yes,2,12,2,0,0,1,0,0,1555,5,5,4,4,55,0,0,2,3,2
yes,0,21,4,0,2,0,0,0,1647,1,3,4,2,40,0,0,2,2,2
yes,0,24,2,1,0,0,0,0,1659,2,2,4,2,29,0,0,1,2,1
yes,1,9,3,1,0,0,0,0,1670,2,2,4,2,22,0,0,1,3,1
yes,0,15,5,0,2,0,0,0,1778,2,2,2,1,26,0,0,2,1,1
yes,2,18,2,1,0,0,0,0,1808,2,4,4,1,22,0,0,1,3,1
yes,0,36,3,0,0,0,1,0,1819,2,3,4,4,37,0,1,1,3,1
yes,2,24,3,1,0,0,0,0,1823,2,1,4,2,30,0,1,1,4,2
yes,0,21,3,1,0,0,0,0,1835,2,3,3,2,25,0,0,2,3,1
yes,2,24,4,0,0,0,1,0,1837,2,4,4,4,34,1,0,1,2,1
yes,1,36,3,0,2,0,0,0,1842,2,2,4,4,34,0,0,1,3,1
yes,1,45,3,1,0,0,0,0,1845,2,3,4,4,23,0,0,1,3,1
yes,1,18,1,0,0,0,1,0,1864,3,3,4,2,30,0,0,2,3,1
yes,1,18,3,1,0,0,0,0,1882,2,3,4,4,25,1,0,2,3,1
yes,1,30,2,0,0,0,0,1,1908,2,5,4,4,66,0,0,1,4,1
yes,1,30,2,1,0,0,0,0,1919,3,2,4,3,30,0,1,2,4,1
yes,2,12,3,1,0,0,0,0,1922,2,3,4,2,37,0,0,1,2,1
yes,0,18,3,1,0,0,0,0,1924,1,2,4,3,27,0,0,1,3,1
yes,2,18,1,1,0,0,0,0,1928,2,2,2,2,31,0,0,2,2,1
yes,2,24,1,0,0,0,0,1,1935,2,5,4,4,31,0,0,2,3,1
yes,0,24,3,1,0,0,0,0,1938,2,2,4,3,32,0,0,1,3,1
yes,0,18,3,0,0,1,0,0,1943,2,2,4,4,23,0,0,1,3,1
yes,0,36,5,0,0,0,0,1,1953,2,5,4,4,61,0,0,1,4,1
yes,2,36,3,0,0,0,1,0,1977,1,5,4,4,40,0,0,1,4,1
yes,2,9,3,1,0,0,0,0,1980,2,2,2,2,19,0,0,2,3,1
yes,2,24,3,1,0,0,0,0,1987,2,3,2,4,21,0,0,1,2,2
yes,2,18,3,1,0,0,0,0,2039,2,3,1,4,20,1,0,1,3,1
yes,0,24,3,1,0,0,0,0,2039,2,2,1,1,22,0,0,1,3,1
yes,1,24,2,1,0,0,0,0,2064,2,1,3,2,34,0,0,1,4,1
yes,0,18,3,1,0,0,0,0,2100,2,3,4,2,37,0,1,1,3,1
yes,0,18,1,1,0,0,0,0,2124,2,3,4,4,24,0,0,2,3,1
yes,0,36,2,0,0,0,0,1,2145,2,4,2,1,24,0,0,2,3,1
yes,0,12,4,1,0,0,0,0,2149,2,3,4,1,29,0,0,1,3,1
yes,1,30,3,0,2,0,0,0,2150,2,3,4,2,24,1,0,1,3,1
yes,0,18,2,0,0,0,0,1,2169,2,3,4,2,28,0,0,1,3,1
yes,1,10,3,1,0,0,0,0,2210,2,3,2,2,25,1,0,1,2,1
yes,2,36,2,0,2,0,0,0,2225,2,5,4,4,57,1,0,2,3,1
yes,2,20,1,0,2,0,0,0,2235,2,3,4,2,33,1,0,2,3,1
yes,0,12,1,1,0,0,0,0,2246,2,5,3,3,60,0,0,2,3,1
yes,0,18,5,0,2,0,0,0,2278,3,2,3,3,28,0,0,2,3,1
yes,0,12,1,0,0,0,0,1,2292,2,1,4,2,42,0,1,2,4,1
yes,0,36,3,1,0,0,0,0,2302,2,3,4,4,31,0,0,1,3,1
yes,2,24,3,0,2,0,0,0,2303,2,5,4,1,45,0,0,1,3,1
yes,1,21,1,0,0,0,1,0,2319,2,2,2,1,33,0,0,1,3,1
yes,0,15,3,1,0,0,0,0,2327,2,2,2,3,25,0,0,1,2,1
yes,2,24,3,1,0,0,0,0,2359,3,1,1,1,33,0,0,1,3,1
yes,2,36,3,0,0,1,0,0,2384,2,2,4,1,33,0,0,1,2,1
yes,2,24,3,1,0,0,0,0,2397,4,5,3,2,35,1,0,2,3,1
yes,1,30,3,1,0,0,0,0,2406,2,4,4,4,23,0,0,1,3,1
yes,1,24,3,1,0,0,0,0,2439,2,2,4,4,35,0,0,1,3,1
yes,1,18,3,1,0,0,0,0,2462,2,3,2,2,22,0,0,1,3,1
yes,2,18,3,1,0,0,0,0,2473,2,1,4,1,25,0,0,1,1,1
yes,0,27,1,1,0,0,0,0,2520,4,3,4,2,23,0,0,2,2,1
yes,1,24,2,0,2,0,0,0,2538,2,5,4,4,47,0,0,2,2,2
yes,0,27,3,0,2,0,0,0,2570,2,3,3,3,21,0,0,1,3,1
yes,1,12,3,0,2,0,0,0,2579,2,2,4,1,33,0,0,1,2,2
yes,0,21,2,0,0,0,0,1,2580,4,2,4,2,41,1,0,1,2,2
yes,0,18,3,1,0,0,0,0,2600,2,3,4,4,65,0,0,2,3,1
yes,2,16,1,0,2,0,0,0,2625,2,5,2,4,43,1,0,1,3,1
yes,0,15,3,0,2,0,0,0,2631,3,3,2,4,28,0,0,2,3,1
yes,0,36,3,1,0,0,0,0,2671,3,3,4,4,50,0,0,1,3,1
yes,1,36,3,1,0,0,0,0,2712,2,5,2,2,41,1,0,1,3,2
yes,0,24,3,0,2,0,0,0,2718,2,3,3,4,20,0,0,1,2,1
yes,0,36,4,1,0,0,0,0,2746,2,5,4,4,31,1,0,1,3,1
yes,2,12,3,1,0,0,0,0,2762,1,5,1,2,25,1,0,1,3,1
yes,1,21,3,0,0,0,0,1,2767,3,5,4,2,61,1,0,2,2,1
yes,2,18,1,0,2,0,0,0,2775,2,4,2,2,31,1,0,2,3,1
yes,2,36,1,0,2,0,0,0,2820,2,2,4,4,27,0,0,2,3,1
yes,0,18,3,1,0,0,0,0,2864,2,3,2,1,34,0,0,1,2,2
yes,1,12,5,1,0,0,0,0,2969,2,2,4,3,25,0,0,2,3,1
yes,2,24,3,1,0,0,0,0,2996,1,3,2,4,20,0,0,1,3,1
yes,0,45,3,1,0,0,0,0,3031,3,3,4,4,21,0,0,1,3,1
yes,1,48,3,1,0,0,0,0,3051,2,3,3,4,54,0,0,1,3,1
yes,0,48,3,1,0,0,0,0,3060,2,4,4,4,28,0,0,2,3,1
yes,0,24,3,1,0,0,0,0,3092,3,2,3,2,22,0,0,1,3,1
yes,2,30,3,1,0,0,0,0,3108,2,2,2,4,31,0,0,1,2,1
yes,1,18,5,1,0,0,0,0,3114,2,2,1,4,26,0,0,1,3,1
yes,2,24,3,0,2,0,0,0,3123,2,2,4,1,27,0,0,1,3,1
yes,1,24,4,0,0,0,0,1,3161,2,3,4,2,31,0,0,1,3,1
yes,2,18,3,1,0,0,0,0,3190,2,3,2,2,24,0,0,1,3,1
yes,0,24,3,1,0,0,0,0,3234,2,2,4,4,23,0,0,1,2,1
yes,1,24,3,1,0,0,0,0,3345,2,5,4,2,39,0,0,1,4,1
yes,0,36,3,1,0,0,0,0,3349,2,3,4,2,28,0,0,1,4,1
yes,1,24,4,1,0,0,0,0,3349,4,2,4,4,30,0,0,1,3,2
yes,2,6,1,1,0,0,0,0,3384,2,3,1,4,44,0,0,1,4,1
yes,1,12,3,0,2,0,0,0,3386,2,5,3,4,35,0,0,1,3,1
yes,1,21,2,0,0,0,1,0,3414,2,2,2,1,26,0,0,2,3,1
yes,2,30,3,1,0,0,0,0,3441,3,3,2,4,21,0,0,1,3,1
yes,1,36,3,1,0,0,0,0,3446,2,5,4,2,42,0,0,1,3,2
yes,0,12,1,0,2,0,0,0,3499,2,3,3,2,29,0,0,2,3,1
yes,2,24,4,1,0,0,0,0,3552,2,4,3,4,27,1,0,1,3,1
yes,0,24,3,1,0,0,0,0,3621,3,5,2,4,31,0,0,2,3,1
yes,2,36,5,1,0,0,0,0,3804,2,3,4,1,42,0,0,1,3,1
yes,2,48,5,0,0,0,0,1,3844,3,4,4,4,34,0,0,1,2,2
yes,2,48,3,0,0,0,0,1,3914,1,3,4,2,38,1,0,1,3,1
yes,2,27,3,0,0,0,0,1,3915,2,3,4,2,36,0,0,1,3,2
yes,0,48,3,0,2,0,0,0,3931,2,4,4,4,46,0,0,1,3,2
yes,2,15,3,0,2,0,0,0,3959,2,3,3,2,29,0,0,1,3,1
yes,1,42,3,1,0,0,0,0,3965,2,2,4,3,34,0,0,1,3,1
yes,1,18,1,0,2,0,0,0,3966,2,5,1,4,33,1,0,3,3,1
yes,0,28,3,0,2,0,0,0,4006,2,3,3,2,45,0,0,1,2,1
yes,0,24,3,1,0,0,0,0,4057,2,4,3,3,43,0,0,1,3,1
yes,0,24,5,1,0,0,0,0,4110,2,5,3,4,23,1,0,2,3,2
yes,2,24,3,0,2,0,0,0,4113,4,2,3,4,28,0,0,1,3,1
yes,2,18,3,1,0,0,0,0,4153,2,3,2,3,42,0,0,1,3,1
yes,0,18,5,0,0,0,0,1,4165,2,3,2,2,36,0,1,2,3,2
yes,0,36,3,1,0,0,0,0,4210,2,3,4,2,26,0,0,1,3,1
yes,1,24,5,0,0,0,0,1,4241,2,3,1,4,36,0,0,3,2,1
yes,1,30,1,0,2,0,0,0,4249,2,1,4,2,28,0,0,2,4,1
yes,2,30,5,0,0,0,0,1,4280,3,3,4,4,26,0,0,2,2,1
yes,1,33,1,1,0,0,0,0,4281,4,3,1,4,23,0,0,2,3,1
yes,0,18,2,1,0,0,0,0,4297,2,5,4,3,40,0,0,1,4,1
yes,2,48,3,0,0,0,0,1,4308,2,2,3,4,24,0,0,1,3,1
yes,0,42,2,1,0,0,0,0,4370,2,4,3,2,26,1,0,2,3,2
yes,0,36,2,0,0,0,0,1,4455,2,3,2,2,30,0,1,2,4,1
yes,2,36,2,1,0,0,0,0,4463,2,3,4,2,26,0,0,2,4,1
yes,2,24,3,0,0,0,0,1,4591,5,3,2,3,54,0,0,3,4,1
yes,2,48,5,0,2,0,0,0,4605,2,5,3,4,24,0,0,2,3,2
yes,0,6,3,1,0,0,0,0,4611,2,2,1,4,32,0,0,1,3,1
yes,1,15,3,0,0,0,1,0,4623,3,3,3,2,40,0,0,1,4,1
yes,2,24,1,1,0,0,0,0,4736,2,2,2,4,25,1,0,1,2,1
yes,2,45,1,1,0,0,0,0,4746,2,2,4,2,25,0,0,2,2,1
yes,0,24,3,0,2,0,0,0,4817,2,4,2,3,31,0,0,1,3,1
yes,0,12,1,0,2,0,0,0,4843,2,5,3,4,43,0,0,2,3,1
yes,1,48,3,0,0,0,0,1,4844,2,1,3,2,33,1,0,1,4,1
yes,0,24,2,0,2,0,0,0,4870,2,3,3,4,53,0,0,2,3,2
yes,2,39,1,1,0,0,0,0,4933,2,4,2,2,25,0,0,2,3,1
yes,1,21,5,0,2,0,0,0,5003,1,3,1,4,29,1,0,2,3,1
yes,1,48,1,1,0,0,0,0,5096,2,3,2,3,30,0,0,1,4,1
yes,1,9,4,0,2,0,0,0,5129,2,5,2,4,74,1,0,1,4,2
yes,0,36,3,1,0,0,0,0,5179,2,4,4,2,29,0,0,1,3,1
yes,2,30,1,0,2,0,0,0,5234,2,1,4,2,28,0,0,2,4,1
yes,0,27,5,0,0,0,0,1,5293,2,1,2,4,50,0,1,2,3,1
yes,2,72,3,1,0,0,0,0,5595,3,3,2,2,24,0,0,1,3,1
yes,1,24,3,1,0,0,0,0,5943,1,2,1,1,44,0,0,2,3,1
yes,2,48,3,1,0,0,0,0,5951,2,3,2,2,22,0,0,1,3,1
yes,1,40,1,0,0,0,1,0,5998,2,3,4,3,27,1,0,1,3,1
yes,2,48,1,0,2,0,0,0,6143,2,5,4,4,58,0,1,2,2,1
yes,2,12,5,1,0,0,0,0,6199,2,3,4,2,28,0,0,2,3,1
yes,2,48,2,0,0,0,1,0,6224,2,5,4,4,50,0,0,1,3,1
yes,1,36,1,1,0,0,0,0,6229,2,2,4,4,23,0,0,2,2,1
yes,2,60,3,0,0,0,1,0,6288,2,3,4,4,42,0,0,1,3,1
yes,1,48,1,0,2,0,0,0,6331,2,5,4,4,46,0,0,2,3,1
yes,2,30,3,1,0,0,0,0,6350,1,5,4,4,31,0,0,1,3,1
yes,1,48,4,0,0,0,0,1,6416,2,5,4,3,59,0,0,1,3,1
yes,0,18,4,0,2,0,0,0,6458,2,5,2,4,39,1,0,2,4,2
yes,2,12,3,1,0,0,0,0,6468,1,1,2,1,52,0,0,1,4,1
yes,1,48,3,0,2,0,0,0,6560,3,4,3,2,24,0,0,1,3,1
yes,0,48,3,1,0,0,0,0,6758,2,3,3,2,31,0,0,1,3,1
yes,0,18,3,0,2,0,0,0,6761,1,3,2,4,68,0,0,2,3,1
yes,1,60,2,0,0,0,0,1,6836,2,5,3,4,63,0,0,2,3,1
yes,0,15,4,0,2,0,0,0,6850,3,1,1,2,34,0,0,1,4,2
yes,1,24,4,1,0,0,0,0,6872,2,2,2,1,55,1,0,1,3,1
yes,1,36,2,0,0,0,1,0,6887,2,3,4,3,29,0,1,1,3,1
yes,0,48,3,1,0,0,0,0,6999,2,4,1,1,34,0,0,2,3,1
yes,1,48,5,1,0,0,0,0,7119,2,3,3,4,53,0,0,2,3,2
yes,2,36,1,1,0,0,0,0,7127,2,2,2,4,23,0,0,2,3,1
yes,1,42,3,1,0,0,0,0,7174,1,4,4,3,30,0,0,1,4,1
yes,1,60,3,0,0,0,0,1,7297,2,5,4,4,36,0,0,1,3,1
yes,2,60,3,0,2,0,0,0,7408,3,2,4,2,24,0,0,1,4,1
yes,0,30,4,0,2,0,0,0,7485,1,1,4,1,53,1,0,1,4,1
yes,2,18,3,0,2,0,0,0,7511,1,5,1,4,51,0,0,1,3,2
yes,0,48,4,0,0,0,0,1,7685,2,4,2,4,37,0,0,1,3,1
yes,0,48,3,0,2,0,0,0,7763,2,5,4,4,42,1,0,1,4,1
yes,0,36,1,0,2,0,0,0,7855,2,3,4,2,25,0,1,2,3,1
yes,0,12,3,1,0,0,0,0,7865,2,5,4,4,53,0,0,1,4,1
yes,1,36,2,0,0,0,0,1,7980,1,2,4,4,27,0,0,2,3,1
yes,0,36,1,0,0,0,1,0,8065,2,3,3,2,25,0,0,2,4,1
yes,1,36,2,0,2,0,0,0,8086,3,5,2,4,42,0,0,4,4,1
yes,1,36,3,0,2,0,0,0,8229,2,3,2,2,26,0,0,1,3,2
yes,2,27,5,0,0,0,0,1,8318,2,5,2,4,42,0,0,2,4,1
yes,1,36,3,0,2,0,0,0,8335,1,5,3,4,47,0,0,1,3,1
yes,0,30,1,1,0,0,0,0,8386,2,4,2,2,49,0,0,1,3,1
yes,0,24,2,0,0,0,0,1,8648,2,2,2,2,27,1,0,2,3,1
yes,1,14,3,0,2,0,0,0,8978,2,5,1,4,45,0,0,1,4,1
yes,2,36,3,1,0,0,0,0,9034,3,2,4,1,29,0,0,1,4,1
yes,1,36,3,0,2,0,0,0,9271,2,4,2,1,24,0,0,1,3,1
yes,0,36,3,0,2,0,0,0,9398,2,2,1,4,28,0,0,1,4,1
yes,0,36,2,0,0,0,0,1,9572,2,2,1,1,28,0,0,2,3,1
yes,0,36,1,0,2,0,0,0,9629,2,4,4,4,24,0,0,2,3,1
yes,0,48,3,1,0,0,0,0,9960,2,2,1,2,26,0,0,1,3,1
yes,2,48,1,0,2,0,0,0,10127,4,3,2,2,44,1,0,1,3,1
yes,2,48,3,0,2,0,0,0,10297,2,4,4,4,39,0,1,3,3,2
yes,1,48,3,1,0,0,0,0,10961,5,4,1,2,27,1,0,2,3,1
yes,0,36,3,1,0,0,0,0,10974,2,1,4,2,26,0,0,2,4,1
yes,0,24,3,0,1,0,0,0,11328,2,3,2,3,29,1,0,2,4,1
yes,2,24,3,0,2,0,0,0,11560,2,3,1,4,23,0,0,2,4,1
yes,2,48,1,0,2,0,0,0,11590,3,3,2,4,24,1,0,2,2,1
yes,2,45,5,0,0,0,0,1,11816,2,5,2,4,29,0,0,2,3,1
yes,0,24,1,0,1,0,0,0,11938,2,3,2,3,39,0,0,2,4,2
yes,0,30,3,0,0,1,0,0,11998,2,2,1,1,34,0,0,1,2,1
yes,2,36,3,0,2,0,0,0,12389,1,3,1,4,37,0,0,1,3,1
yes,1,24,3,0,2,0,0,0,12579,2,5,4,2,44,0,0,1,4,1
yes,1,36,3,0,0,0,1,0,12612,3,3,1,4,47,0,0,1,3,2
yes,1,21,1,0,2,0,0,0,12680,1,5,4,4,30,0,0,1,4,1
yes,1,18,3,0,2,0,0,0,12976,2,1,3,4,38,0,0,1,4,1
yes,2,60,3,0,2,0,0,0,14027,2,4,4,2,27,0,0,1,4,1
yes,1,36,3,0,2,0,0,0,14318,2,5,4,2,57,0,0,1,4,1
yes,0,48,5,0,0,0,0,1,14421,2,3,2,2,25,0,0,1,3,1
yes,0,6,3,0,2,0,0,0,14555,1,1,1,2,23,0,0,1,1,1
yes,1,60,4,0,1,0,0,0,14782,3,5,3,4,60,1,0,2,4,1
yes,0,6,3,0,2,0,0,0,14896,2,5,1,4,68,1,0,1,4,1
yes,1,48,3,0,0,0,0,1,15672,2,3,2,2,23,0,0,1,3,1
yes,2,54,5,0,0,0,0,1,15945,2,2,3,4,58,0,0,1,3,1
yes,1,48,5,0,1,0,0,0,18424,2,3,1,2,32,1,0,1,4,1
